Name,Price
" HP Chromebook 14 Refurbished Laptop Intel Dual Core WiFi Chrome OS Webcam HDMI",$99.99
Lenovo Laptop Convertible Yoga Quad Core CPU HD Touchscreen Refurbished Computer,$190.00
CHUWI LapBook Pro Intel Quad Core 8+256G Windows Laptop Backlit Notebook,$359.99
"ASUS 10.1"" Touch Chromebook Flip Laptop 1.8GHz 4GB 16GB eMMC - C100PA-DB02",$99.95
"Lenovo XiaoXin Air-13-Pro 13.3 inch light laptop Intel I5-7200U 8G 256G SSD 2G ",$309.00
HP FOLIO 9480M Intel Core i5 2.00GHz 8GB Ram Laptop {Integrated Graphics},$124.95
"New ListingLENOVO THINKPAD T430S INTEL CORE i7-3520M 8GB RAM 2.9GHz 14"" LAPTOP WARRANTY [Z8",$109.99
"New ListingPanasonic Toughbook CF-31 13.1in. (500GB, Intel Core i5 3rd Gen., 2.6GHz, 4GB) ",$58.00
"Samsung Chromebook 2 13.3"" Chromebook Laptop Exynos 5 Octa Core 4GB 16GB SSD",$79.95
CHUWI LapBook Pro Laptop Windows Intel Quad Core 64/192/256GB Backlit Notebook,$355.99
FAST CHEAP Wi-Fi WINDOWS 10 LAPTOP INTEL CORE i3/i5 4GB/8GB RAM 320GB/500GB HDD,$110.19 to $168.54
FULLY RUGGED GETAC B300-H Laptop - i5-2520M CPU✔8GB RAM (HAS MISSING PARTS),$89.99
"Lenovo ThinkPad T520 Laptop i5-2520M 2.50GHz 8GB 128GB SSD 15.6"" Windows 10 Pro",$174.99
"New ListingDell G5 Gaming 15.6"" IPS/Intel i7-9750H/16GB/500GB SSD+1TB/ GeForce RTX 2060 6GB","$1,185.00"
"SEALED HP 15"" Laptop Ryzen 3 1TB HDD 4GB RAM AMD Vega 3 - Black - DB0066WM",$239.99
"HP EliteBook 2560p Laptop / i5 2.6GHZ / 4GB / Webcam / 160GB /Windows 10 ",$93.87
New ListingDell Latitude E5470 Laptop,$109.99
"HP Chromebook x360 14-da0011dx 14"" FHD IPS Touch i3-8130U 8GB 64GB 2in1 Laptop",$349.99
"New ListingLenovo Thinkpad E531 Laptop 15.6"" 2.60GHz Intel i5-3230M 8GB 500GB Win 10 Pro!",$95.00
New ListingDell Latitude E5470 Laptop,$109.99
"Cheap gaming laptop Dell 13.3"" Intel I5 2ND 2.5Ghz 8GB 480GB SSD DVD Win 10 HDMI",$168.54 to $363.02
New ListingDell Latitude E5470 Laptop,$109.99
Lenovo ThinkPad X1 Carbon 3rd Gen Core i7 256GB SSD Ultrabook Win 10 Pro Laptop,$544.49
"Lenovo ThinkPad L380 Laptop 13.3"" i5-8250U 1.6GHz 8GB 256GB SSD Win 10 Pro (OC)",$449.59
"Apple Macbook 13"" Laptop * UPGRADED 8GB RAM 1TB HD * + Latest OS 2017 + WARRANTY",$199.00 to $259.00
New ListingDell Latitude E4310 Laptop 2.67 GHz Windows 10 Notebook Computer Charger,$109.00
"New ListingDELL LAPTOP LATITUDE E6420 2.5ghz 4GB 320GB 14"" DVD WINDOWS 10 WIN WiFi HDMI PC",$119.99
New ListingDell E5530 Wn10 Laptop✔️ i5 ✔️240GB SSD_8GB Ram✔️Office 2016 PRO ✔️DISCOUNTED!,$309.99
"New ListingHP 15-ba015wm 15.6"" Laptop (AMD Quad Core E2-7110 1.8GHz, 4GB RAM, 500GB HDD)",$120.00
"New ListingHP 15.6'' FHD Laptop/Intel 10th Gen i7-1065G7-3.9GHz/8GB Memory/256GB SSD/Win10 ",$659.99
"New ListingDell Latitude 13 3330 13.3"" HD Core i5-3337U 1.8GHz 8GB 320GB HDD W10P Laptop U",$119.99
"HP EliteBook 840 G1 14"" Laptop i5-4310U @2.0GHz 2.6GHz 16GB 240GB SSD Window 10",$257.30
New ListingDell Latitude E5470 Laptop,$89.99
LG gram Thin and Light Laptop 17in Intel i7-8565U 16GB RAM 256GB SSD Windows 10,"$1,089.00"
New ListingDell Latitude E5470 Laptop,$99.99
New ListingDell Latitude E5470 Laptop,$109.99
"Getac S400 G2 Rugged Laptop 14"" i5-3320M 2.6Ghz 8GB 128GB SSD Win 10 Pro Dvd",$219.99
"PANASONIC TOUGHBOOK CF-19 CF-19FYUALM I5 2.7GHZ, 4GB RAM RUGGED LAPTOP MK7",$134.99
"Dell Latitude Laptop Computer Intel Core i5 15.6"" PC 8GB 320GB Windows 10 HDMI",$358.00
Dell Latitude Laptop Computer Intel Core i3 2.5GHz Windows 10 PC HD 4GB 320GB,$228.00
New ListingGoogle Pixelbook Go 13.3 Laptop Intel Core i5 16GB RAM 128GB SSD Just Black - 8,"$1,001.54"
"New ListingSEALED! HP 15-cs2064st 15.6"" Laptop (Intel i7, 8GB / 16GB Optane RAM, 1TB HDD)",$559.95
Dell Latitude E7250 Intel Core i5 2.30GHz 8G Ram Laptop {Integrated Graphics},$119.95
New ListingDELL LATITUDE 3330 LAPTOP WEBCAM 8GB RAM 320GB SSHD WIN10 OFFICE13 HDMI!!,$180.00
HP EliteBook 850 G1 Intel Core i5 1.90GHz 4GB Ram Laptop {Integrated Graphics},$94.95
New ListingDELL LATITUDE E7470 Laptop Computer CORE I7 6th Gen 2.40GH 256SSD 16GB ULTRABOOK,$429.99
OLPC Laptop XO-4 Touch One Laptop Per Child Touchscreen Kids Unesco WIFI HDMI,$49.97
New ListingHP Elitebook 8470p Laptop Intel i5-3210m 2.5GHz/8GBRAM/500GBHDD/Windows 10 Pro,$99.99
"New ListingHP Beats Audio Special Edition Laptop 15-P393NR 16GB RAM, 240 SSD touch screen",$260.00
"LENOVO THINKPAD T430S INTEL CORE i7-3520M 4GB RAM 2.9GHz 14"" LAPTOP WARRANTY [B3",$129.99
Panasonic toughbook CF-29 Rugged laptop 1.6GHz 1.5GB RAM 40GB HDD Windows XP Pro,$162.07
"SONY VAIO VGN-NR120E Laptop 250G 15.4"" LCD,Windows 7 Home Free DOS Dual Boot",$99.00
"New ListingNEW ASUS 15.6"" FX505GT-BI5N7 FHD Gaming Laptop i5-9300H 8GB 512GB GTX 1650",$738.88
"Dell Inspiron 5565 15.6"" FullHD Touch Laptop-AMD:A12-9700P 12G/1TB RADEON R7 4GB",$429.99
"LENOVO THINKPAD SL510 15.6"" LAPTOP 2.10GHz 250GB WINDOWS 10 PRO WEBCAM HDMI",$159.00
"New ListingLenovo Thinkpad T530 15.6"" i5-3230M 2.6GHz 8GB 500GB Win 10 Pro Excellent value!",$160.00
"OB Razer Blade 15 15.6"" 144hz i7-8750H 2.2GHz 16GB 512GB SSD GTX1070 8GB Laptop","$1,499.99"
"New ListingNEW Lenovo ThinkPad T490 20N2001YUS 14.0"" FHD IPS Laptop i5-8265U 8GB 256GB ",$798.88
"New ListingDell Latitude E5470 14"" Laptop Notebook Intel Core i5 Dual Core 8GB 256GB SSD",$264.95
"New ListingDell Latitude 7480 14"" FHD Laptop Intel i5 2.4GHz 12GB 512GB SSD Win 10 Pro ",$399.99
New ListingLENOVO THINKPAD X201 i5 LAPTOP WEBCAM 8GB RAM 500GB HDD WIN10 OFFICE13+EXTRAS!!!,$200.00
Panasonic ToughBook CF-19 MK5 2.5 GHZ 4 GB RAM Touch Military TUFF,$119.90
"Linx 14"" UltraSlim Full HD Intel Pentium Quad Core 64GB 4GB Windows 10 Laptop A",$233.37
"Dell Latitude Gaming Laptop  15.6"" HD Intel Core i5 8GB RAM 512GB SSD NVIDIA ",$378.99
Fast Dell Laptop Latitude E Series Core 2 Duo WIFI Windows 10 Pro DVD +4GB,$129.00
"Core i7 HP Probook 15"" laptop - 1TB SSD Hybrid, 16GB RAM, Windows 10, Warranty",$469.06
"HP Probook 15"" Laptop- FAST! Core i7, 16GB RAM, 2TB SSD Hybrid, Win 10, WARRANTY",$507.55
Dell Latitude Business Gaming Laptop 15.6 inch HD Intel Core i5 16GB RAM 2TB SSD,$266.00 to $642.00
"New ListingLENOVO THINKPAD T430S INTEL CORE i7-3520M 8GB RAM 2.9GHz 14"" LAPTOP WARRANTY [B7",$119.99
"New ListingLenovo Thinkpad T530 15.6"" i5-3230M 2.6GHz 8GB 500GB Win 10 Pro Excellent value!",$160.00
"Lenovo ThinkPap E440 14"" laptop Core i5-4200M 2.50GHz 4GB RAM 500GB HDD Win 10",$130.00
"New ListingDell Latitude 7480 14"" FHD Laptop Intel i5 2.4GHz 12GB 512GB SSD Win 10 Pro ",$399.99
New ListingLENOVO THINKPAD T510 i5 LAPTOP 8GB RAM 250GB HDD WIN7 OFFICE13,$175.00
HP FOLIO 9480M Intel Core i5 2.00GHz 16GB Ram Laptop {Integrated Graphics},$134.95
New ListingLENOVO THINKPAD T430s i5 LAPTOP WEBCAM 8GB RAM 320GB SSHD WIN10 OFFICE13lll,$215.00
"New ListingHP 250 G5 Business Laptop (Intel Core i5 2.3GHz, 8GB RAM, 500GB HDD, Win 10 Pro)",$150.00
New ListingMSI GS65 Stealth THIN-037 i7-8750H 144 Hz FHD GTX 1070 8GB 16GB 512GB Windows 10,$999.95
"Lenovo ThinkPad T420s 14"" Laptop Notebook Intel Core i7-2640M 2.80GHz 4GB R9HC46",$89.99
Dell Latitude E6510 Laptop i5 2.4GHZ - 160gb - 4GB DDR3 - Windows 10 - Ready!,$85.94
*Reduced* Dell Latitude Refurbished Laptop Computer Core i5 Windows 10 Webcam PC,$179.99
"New ListingLenovo ThinkPad T460s 14"" Laptop PC i5-6300U 2.50GHz 256GB SSD 8GB RAM Bios lock",$350.00
Cheap Lenovo ThinkPad X1 Carbon Core i7-4600U 256GB SSD Ultrabook Win 10 Laptop,$388.90
"New ListingDell Latitude E5570 15.6"" Core i5 16GB RAM 256GB SSD W/Webcam WIN10",$469.99
HP 15.6” LED TouchScreen Intel Pentium 2.30GHz 4GB 500GB DVD+RW WebCam Laptop PC,$277.95
"Microsoft Surface Laptop 1769 13.5"" Touch i5-7200U 2.7GHz 8GB 256GB SSD W10 Blue",$479.99
New ListingLenovo Thinkpad W541 i7 32GB RAM 512GB SSD Laptop Windows 10 Pro w/ charger,$450.00
"15.6"" Dell Gaming  Laptop Intel i5 2.70GHz  16GB RAM 1TB SSD Win 10 64 BIT",$468.00
Dell Latitude Business Gaming Laptop 15.6 inch HD Intel Core i5 8GBRAM 256GB SSD,$379.99
Dell Laptop Windows XP Pro-Parallel port-RS232-9 pin Serial Port-WIFI-YR Warrant,$150.00
New ListingLenovo Thinkpad E570 i5 16GB RAM 256GB SSD Laptop Windows 10 Pro w/ charger,$400.00
"HP 15.6"" LAPTOP (500GB, Intel Celeron N4000, 2.6 GHz, 4 GB) - 15-BS212WM",$225.00
"HP 8570W 15.6"" Laptop 2.8GHz Core i7 4GB RAM (Grade B)",$177.00
New ListingLenovo 81N800D2US 15.6in. Intel Core i3-8145U 2.10GHz 4GB RAM 1TB HDD Laptop...,$270.00
New ListingEluktronics N870HP Gaming Laptop Intel i7-7700HQ 16GB 256GB SSD GTX 1060,$614.95
"CHUWI HeroBook 14.1"" Laptop Windows 10 Intel Quad Core Notebook PC 4GB+64GB",$285.89
FAST DELL LATITUDE E7240 LAPTOP CORE i5-4300M | 16GB | 480GB SSD | WIN 10 PRO,$168.54 to $337.09
New ListingHP EliteBook 820 G2 Intel Core i5 2.30GHz 8GB Ram Laptop {Integrated Graphics},$124.95
"Teclast F7 Plus Notebook 14"" Windows 10 8GB RAM 256GB 2.0MP Camera Laptop PC",$348.89
"2019 HP Laptop Computer 15.6"" LED Intel Pentium 2.70GHz 4GB 500GB DVD+RW WebCam",$257.95
"New ListingAlienware 15 R2 i5 2.9Ghz 16GB RAM 512GB SSD 15.6"" GTX 965M Gaming Laptop",$600.00
